aow_id,name,bleed_buildup_add,frost_buildup_add,poison_buildup_add,valid_weapon_types
10,No Skill,0,0,0,ShieldLarge|ShieldNormal|ShieldSmall|ThrustingShield|Torch
100,Lion's Claw,0,0,0,AxeLarge|AxeNormal|AxhammerLarge|Ballista|BowLarge|BowNormal|BowSmall|Claw|ClossBow|Dagger|Flail|GreatKatana|HammerLarge|HammerNormal|Knuckle|LightGreatsword|RapierHeavy|SaberLarge|SaberNormal|ShieldLarge|ShieldNormal|ShieldSmall|Sickle|Sorcery|SpearAxe|SpearHeavy|SpearNormal|Staff|SwordDoubleEdge|SwordGigantic|SwordLarge|SwordNormal|SwordPierce|Talisman|Torch|Whip|katana
101,Impaling Thrust,0,0,0,AxeLarge|AxeNormal|AxhammerLarge|Ballista|BowLarge|BowNormal|BowSmall|Claw|ClossBow|Dagger|Flail|GreatKatana|HammerLarge|HammerNormal|Knuckle|LightGreatsword|RapierHeavy|SaberLarge|SaberNormal|ShieldLarge|ShieldNormal|ShieldSmall|Sickle|Sorcery|SpearAxe|SpearHeavy|SpearNormal|Staff|SwordDoubleEdge|SwordGigantic|SwordLarge|SwordNormal|SwordPierce|Talisman|ThrowingWeapon|ThrustingShield|Torch|Whip|katana
102,Piercing Fang,0,0,0,AxeLarge|AxeNormal|AxhammerLarge|Ballista|BowLarge|BowNormal|BowSmall|Claw|ClossBow|Dagger|Flail|GreatKatana|HammerLarge|HammerNormal|Knuckle|LightGreatsword|RapierHeavy|SaberLarge|SaberNormal|ShieldLarge|ShieldNormal|ShieldSmall|Sickle|Sorcery|SpearAxe|SpearHeavy|SpearNormal|Staff|SwordDoubleEdge|SwordGigantic|SwordLarge|SwordNormal|SwordPierce|Talisman|ThrustingShield|Torch|Whip|katana
103,Spinning Slash,0,0,0,AxeLarge|AxeNormal|AxhammerLarge|Ballista|BowLarge|BowNormal|BowSmall|Claw|ClossBow|Dagger|Flail|GreatKatana|HammerLarge|HammerNormal|Knuckle|LightGreatsword|RapierHeavy|ReverseHandSword|SaberLarge|SaberNormal|ShieldLarge|ShieldNormal|ShieldSmall|Sickle|Sorcery|SpearAxe|SpearHeavy|SpearNormal|Staff|SwordDoubleEdge|SwordGigantic|SwordLarge|SwordNormal|SwordPierce|Talisman|ThrowingWeapon|Torch|Whip|katana
105,Charge Forth,0,0,0,AxeLarge|AxeNormal|AxhammerLarge|Ballista|BowLarge|BowNormal|BowSmall|Claw|ClossBow|Dagger|Flail|HammerLarge|HammerNormal|Knuckle|RapierHeavy|SaberLarge|SaberNormal|ShieldLarge|ShieldNormal|ShieldSmall|Sickle|Sorcery|SpearAxe|SpearHeavy|SpearNormal|Staff|SwordDoubleEdge|SwordGigantic|SwordLarge|SwordNormal|SwordPierce|Talisman|ThrustingShield|Torch|Whip|katana
106,Stamp (Upward Cut),0,0,0,AxeLarge|AxeNormal|AxhammerLarge|Ballista|BowLarge|BowNormal|BowSmall|Claw|ClossBow|Dagger|Flail|GreatKatana|HammerLarge|HammerNormal|Knuckle|RapierHeavy|SaberLarge|SaberNormal|ShieldLarge|ShieldNormal|ShieldSmall|Sickle|Sorcery|SpearAxe|SpearHeavy|SpearNormal|Staff|SwordDoubleEdge|SwordGigantic|SwordLarge|SwordNormal|SwordPierce|Talisman|Torch|Whip|katana
107,Stamp (Sweep),0,0,0,AxeLarge|AxeNormal|AxhammerLarge|Ballista|BowLarge|BowNormal|BowSmall|Claw|ClossBow|Dagger|Flail|GreatKatana|HammerLarge|HammerNormal|Knuckle|RapierHeavy|SaberLarge|SaberNormal|ShieldLarge|ShieldNormal|ShieldSmall|Sickle|Sorcery|SpearAxe|SpearHeavy|SpearNormal|Staff|SwordDoubleEdge|SwordGigantic|SwordLarge|SwordNormal|SwordPierce|Talisman|Torch|Whip|katana
108,Blood Tax,0,0,0,AxeLarge|AxeNormal|AxhammerLarge|Ballista|BowLarge|BowNormal|BowSmall|Claw|ClossBow|Dagger|Flail|GreatKatana|HammerLarge|HammerNormal|Knuckle|LightGreatsword|RapierHeavy|SaberLarge|SaberNormal|ShieldLarge|ShieldNormal|ShieldSmall|Sickle|Sorcery|SpearAxe|SpearHeavy|SpearNormal|Staff|SwordDoubleEdge|SwordGigantic|SwordLarge|SwordNormal|SwordPierce|Talisman|ThrowingWeapon|ThrustingShield|Torch|Whip|katana
109,Repeating Thrust,0,0,0,AxeLarge|AxeNormal|AxhammerLarge|Ballista|BowLarge|BowNormal|BowSmall|Claw|ClossBow|Dagger|Flail|GreatKatana|HammerLarge|HammerNormal|Knuckle|LightGreatsword|RapierHeavy|SaberLarge|SaberNormal|ShieldLarge|ShieldNormal|ShieldSmall|Sickle|Sorcery|SpearAxe|SpearHeavy|SpearNormal|Staff|SwordDoubleEdge|SwordGigantic|SwordLarge|SwordNormal|SwordPierce|Talisman|ThrowingWeapon|ThrustingShield|Torch|Whip|katana
110,Wild Strikes,0,0,0,AxeLarge|AxeNormal|AxhammerLarge|Ballista|BowLarge|BowNormal|BowSmall|Claw|ClossBow|Dagger|Flail|GreatKatana|HammerLarge|HammerNormal|Knuckle|RapierHeavy|SaberLarge|SaberNormal|ShieldLarge|ShieldNormal|ShieldSmall|Sickle|Sorcery|SpearAxe|SpearHeavy|SpearNormal|Staff|SwordDoubleEdge|SwordGigantic|SwordLarge|SwordNormal|SwordPierce|Talisman|Torch|Whip|katana
111,Spinning Strikes,0,0,0,AxeLarge|AxeNormal|AxhammerLarge|Ballista|BowLarge|BowNormal|BowSmall|Claw|ClossBow|Dagger|Flail|HammerLarge|HammerNormal|Knuckle|RapierHeavy|SaberLarge|SaberNormal|ShieldLarge|ShieldNormal|ShieldSmall|Sickle|Sorcery|SpearAxe|SpearHeavy|SpearNormal|Staff|SwordDoubleEdge|SwordGigantic|SwordLarge|SwordNormal|SwordPierce|Talisman|Torch|Whip|katana
112,Double Slash,0,0,0,AxeLarge|AxeNormal|AxhammerLarge|Ballista|BowLarge|BowNormal|BowSmall|Claw|ClossBow|Dagger|Flail|GreatKatana|HammerLarge|HammerNormal|Knuckle|LightGreatsword|RapierHeavy|SaberLarge|SaberNormal|ShieldLarge|ShieldNormal|ShieldSmall|Sickle|Sorcery|SpearAxe|SpearHeavy|SpearNormal|Staff|SwordDoubleEdge|SwordGigantic|SwordLarge|SwordNormal|SwordPierce|Talisman|ThrowingWeapon|Torch|Whip|katana
113,Prelate's Charge,0,0,0,AxeLarge|AxeNormal|AxhammerLarge|Ballista|BowLarge|BowNormal|BowSmall|Claw|ClossBow|Dagger|Flail|HammerLarge|HammerNormal|Knuckle|RapierHeavy|SaberLarge|SaberNormal|ShieldLarge|ShieldNormal|ShieldSmall|Sickle|Sorcery|SpearAxe|SpearHeavy|SpearNormal|Staff|SwordDoubleEdge|SwordGigantic|SwordLarge|SwordNormal|SwordPierce|Talisman|Torch|Whip|katana
114,Unsheathe,0,0,0,AxeLarge|AxeNormal|AxhammerLarge|Ballista|BowLarge|BowNormal|BowSmall|Claw|ClossBow|Dagger|Flail|HammerLarge|HammerNormal|Knuckle|RapierHeavy|SaberLarge|SaberNormal|ShieldLarge|ShieldNormal|ShieldSmall|Sickle|Sorcery|SpearAxe|SpearHeavy|SpearNormal|Staff|SwordDoubleEdge|SwordGigantic|SwordLarge|SwordNormal|SwordPierce|Talisman|Torch|Whip|katana
115,Square Off,0,0,0,AxeLarge|AxeNormal|AxhammerLarge|Ballista|BowLarge|BowNormal|BowSmall|Claw|ClossBow|Dagger|Flail|HammerLarge|HammerNormal|Knuckle|RapierHeavy|SaberLarge|SaberNormal|ShieldLarge|ShieldNormal|ShieldSmall|Sickle|Sorcery|SpearAxe|SpearHeavy|SpearNormal|Staff|SwordDoubleEdge|SwordGigantic|SwordLarge|SwordNormal|SwordPierce|Talisman|Torch|Whip|katana
116,Giant Hunt,0,0,0,AxeLarge|AxeNormal|AxhammerLarge|Ballista|BowLarge|BowNormal|BowSmall|Claw|ClossBow|Dagger|Flail|GreatKatana|HammerLarge|HammerNormal|Knuckle|RapierHeavy|SaberLarge|SaberNormal|ShieldLarge|ShieldNormal|ShieldSmall|Sickle|Sorcery|SpearAxe|SpearHeavy|SpearNormal|Staff|SwordDoubleEdge|SwordGigantic|SwordLarge|SwordNormal|SwordPierce|Talisman|ThrustingShield|Torch|Whip|katana
117,Torch Attack,0,0,0,AxeLarge|AxeNormal|AxhammerLarge|Ballista|BowLarge|BowNormal|BowSmall|Claw|ClossBow|Dagger|Flail|HammerLarge|HammerNormal|Knuckle|RapierHeavy|SaberLarge|SaberNormal|ShieldLarge|ShieldNormal|ShieldSmall|Sickle|Sorcery|SpearAxe|SpearHeavy|SpearNormal|Staff|SwordDoubleEdge|SwordGigantic|SwordLarge|SwordNormal|SwordPierce|Talisman|Torch|Whip|katana
118,Loretta's Slash,0,0,0,AxeLarge|AxeNormal|AxhammerLarge|Ballista|BowLarge|BowNormal|BowSmall|Claw|ClossBow|Dagger|Flail|HammerLarge|HammerNormal|Knuckle|RapierHeavy|SaberLarge|SaberNormal|ShieldLarge|ShieldNormal|ShieldSmall|Sickle|Sorcery|SpearAxe|SpearHeavy|SpearNormal|Staff|SwordDoubleEdge|SwordGigantic|SwordLarge|SwordNormal|SwordPierce|Talisman|Torch|Whip|katana
119,Poison Moth Flight,0,0,0,AxeLarge|AxeNormal|AxhammerLarge|Ballista|BowLarge|BowNormal|BowSmall|Claw|ClossBow|Dagger|Flail|HammerLarge|HammerNormal|Knuckle|LightGreatsword|RapierHeavy|ReverseHandSword|SaberLarge|SaberNormal|ShieldLarge|ShieldNormal|ShieldSmall|Sickle|Sorcery|SpearAxe|SpearHeavy|SpearNormal|Staff|SwordDoubleEdge|SwordGigantic|SwordLarge|SwordNormal|SwordPierce|Talisman|ThrowingWeapon|Torch|Whip|katana
120,Spinning Weapon,0,0,0,AxeLarge|AxeNormal|AxhammerLarge|Ballista|BowLarge|BowNormal|BowSmall|Claw|ClossBow|Dagger|Flail|GreatKatana|HammerLarge|HammerNormal|Knuckle|LightGreatsword|RapierHeavy|ReverseHandSword|SaberLarge|SaberNormal|ShieldLarge|ShieldNormal|ShieldSmall|Sickle|Sorcery|SpearAxe|SpearHeavy|SpearNormal|Staff|SwordDoubleEdge|SwordGigantic|SwordLarge|SwordNormal|SwordPierce|Talisman|ThrowingWeapon|ThrustingShield|Torch|Whip|katana
122,Storm Assault,0,0,0,AxeLarge|AxeNormal|AxhammerLarge|Ballista|BowLarge|BowNormal|BowSmall|Claw|ClossBow|Dagger|Flail|HammerLarge|HammerNormal|Knuckle|RapierHeavy|SaberLarge|SaberNormal|ShieldLarge|ShieldNormal|ShieldSmall|Sickle|Sorcery|SpearAxe|SpearHeavy|SpearNormal|Staff|SwordDoubleEdge|SwordGigantic|SwordLarge|SwordNormal|SwordPierce|Talisman|ThrustingShield|Torch|Whip|katana
123,Stormcaller,0,0,0,AxeLarge|AxeNormal|AxhammerLarge|Ballista|BowLarge|BowNormal|BowSmall|Claw|ClossBow|Dagger|Flail|GreatKatana|HammerLarge|HammerNormal|Knuckle|LightGreatsword|RapierHeavy|SaberLarge|SaberNormal|ShieldLarge|ShieldNormal|ShieldSmall|Sickle|Sorcery|SpearAxe|SpearHeavy|SpearNormal|Staff|SwordDoubleEdge|SwordGigantic|SwordLarge|SwordNormal|SwordPierce|Talisman|Torch|Whip|katana
124,Sword Dance,0,0,0,AxeLarge|AxeNormal|AxhammerLarge|Ballista|BowLarge|BowNormal|BowSmall|Claw|ClossBow|Dagger|Flail|GreatKatana|HammerLarge|HammerNormal|Knuckle|LightGreatsword|RapierHeavy|ReverseHandSword|SaberLarge|SaberNormal|ShieldLarge|ShieldNormal|ShieldSmall|Sickle|Sorcery|SpearAxe|SpearHeavy|SpearNormal|Staff|SwordDoubleEdge|SwordGigantic|SwordLarge|SwordNormal|SwordPierce|Talisman|ThrowingWeapon|Torch|Whip|katana
200,Glintblade Phalanx,0,0,0,AxeLarge|AxeNormal|AxhammerLarge|Claw|Dagger|Flail|GreatKatana|HammerLarge|HammerNormal|Knuckle|LightGreatsword|RapierHeavy|SaberLarge|SaberNormal|Sickle|SpearAxe|SpearHeavy|SpearNormal|SwordDoubleEdge|SwordGigantic|SwordLarge|SwordNormal|SwordPierce|ThrowingWeapon|ThrustingShield|Whip|katana
201,Sacred Blade,0,0,0,AxeLarge|AxeNormal|AxhammerLarge|Ballista|BowLarge|BowNormal|BowSmall|Claw|ClossBow|Dagger|Flail|GreatKatana|HammerLarge|HammerNormal|Knuckle|LightGreatsword|RapierHeavy|SaberLarge|SaberNormal|ShieldLarge|ShieldNormal|ShieldSmall|Sickle|Sorcery|SpearAxe|SpearHeavy|SpearNormal|Staff|SwordDoubleEdge|SwordGigantic|SwordLarge|SwordNormal|SwordPierce|Talisman|ThrustingShield|Torch|Whip|katana
202,Ice Spear,0,0,0,AxeLarge|AxeNormal|AxhammerLarge|Ballista|BowLarge|BowNormal|BowSmall|Claw|ClossBow|Dagger|Flail|HammerLarge|HammerNormal|Knuckle|RapierHeavy|SaberLarge|SaberNormal|ShieldLarge|ShieldNormal|ShieldSmall|Sickle|Sorcery|SpearAxe|SpearHeavy|SpearNormal|Staff|SwordDoubleEdge|SwordGigantic|SwordLarge|SwordNormal|SwordPierce|Talisman|Torch|Whip|katana
203,Glintstone Pebble,0,0,0,AxeLarge|AxeNormal|AxhammerLarge|Ballista|BowLarge|BowNormal|BowSmall|Claw|ClossBow|Dagger|Flail|GreatKatana|HammerLarge|HammerNormal|Knuckle|LightGreatsword|RapierHeavy|SaberLarge|SaberNormal|ShieldLarge|ShieldNormal|ShieldSmall|Sickle|Sorcery|SpearAxe|SpearHeavy|SpearNormal|Staff|SwordDoubleEdge|SwordGigantic|SwordLarge|SwordNormal|SwordPierce|Talisman|ThrowingWeapon|ThrustingShield|Torch|Whip|katana
204,Bloody Slash,0,0,0,AxeLarge|AxeNormal|AxhammerLarge|Ballista|BowLarge|BowNormal|BowSmall|Claw|ClossBow|Dagger|Flail|GreatKatana|HammerLarge|HammerNormal|Knuckle|LightGreatsword|RapierHeavy|SaberLarge|SaberNormal|ShieldLarge|ShieldNormal|ShieldSmall|Sickle|Sorcery|SpearAxe|SpearHeavy|SpearNormal|Staff|SwordDoubleEdge|SwordGigantic|SwordLarge|SwordNormal|SwordPierce|Talisman|ThrowingWeapon|Torch|Whip|katana
205,Lifesteal Fist,0,0,0,AxeLarge|AxeNormal|AxhammerLarge|Ballista|BeastClaw|BowLarge|BowNormal|BowSmall|Claw|ClossBow|Dagger|Flail|HammerLarge|HammerNormal|HandToHand|Knuckle|RapierHeavy|SaberLarge|SaberNormal|ShieldLarge|ShieldNormal|ShieldSmall|Sickle|Sorcery|SpearAxe|SpearHeavy|SpearNormal|Staff|SwordDoubleEdge|SwordGigantic|SwordLarge|SwordNormal|SwordPierce|Talisman|Torch|Whip|katana
207,Eruption,0,0,0,AxeLarge|AxeNormal|AxhammerLarge|Ballista|BowLarge|BowNormal|BowSmall|Claw|ClossBow|Dagger|Flail|GreatKatana|HammerLarge|HammerNormal|Knuckle|RapierHeavy|SaberLarge|SaberNormal|ShieldLarge|ShieldNormal|ShieldSmall|Sickle|Sorcery|SpearAxe|SpearHeavy|SpearNormal|Staff|SwordDoubleEdge|SwordGigantic|SwordLarge|SwordNormal|SwordPierce|Talisman|Torch|Whip|katana
208,Prayerful Strike,0,0,0,AxeLarge|AxeNormal|AxhammerLarge|Ballista|BowLarge|BowNormal|BowSmall|Claw|ClossBow|Dagger|Flail|HammerLarge|HammerNormal|Knuckle|RapierHeavy|SaberLarge|SaberNormal|ShieldLarge|ShieldNormal|ShieldSmall|Sickle|Sorcery|SpearAxe|SpearHeavy|SpearNormal|Staff|SwordDoubleEdge|SwordGigantic|SwordLarge|SwordNormal|SwordPierce|Talisman|Torch|Whip|katana
209,Gravitas,0,0,0,AxeLarge|AxeNormal|AxhammerLarge|Ballista|BowLarge|BowNormal|BowSmall|Claw|ClossBow|Dagger|Flail|GreatKatana|HammerLarge|HammerNormal|Knuckle|LightGreatsword|RapierHeavy|ReverseHandSword|SaberLarge|SaberNormal|ShieldLarge|ShieldNormal|ShieldSmall|Sickle|Sorcery|SpearAxe|SpearHeavy|SpearNormal|Staff|SwordDoubleEdge|SwordGigantic|SwordLarge|SwordNormal|SwordPierce|Talisman|ThrustingShield|Torch|Whip|katana
210,Storm Blade,0,0,0,AxeLarge|AxeNormal|AxhammerLarge|Ballista|BowLarge|BowNormal|BowSmall|Claw|ClossBow|Dagger|Flail|GreatKatana|HammerLarge|HammerNormal|Knuckle|LightGreatsword|RapierHeavy|SaberLarge|SaberNormal|ShieldLarge|ShieldNormal|ShieldSmall|Sickle|Sorcery|SpearAxe|SpearHeavy|SpearNormal|Staff|SwordDoubleEdge|SwordGigantic|SwordLarge|SwordNormal|SwordPierce|Talisman|ThrowingWeapon|Torch|Whip|katana
212,Earthshaker,0,0,0,AxeLarge|AxeNormal|AxhammerLarge|Ballista|BowLarge|BowNormal|BowSmall|Claw|ClossBow|Dagger|Flail|HammerLarge|HammerNormal|Knuckle|RapierHeavy|SaberLarge|SaberNormal|ShieldLarge|ShieldNormal|ShieldSmall|Sickle|Sorcery|SpearAxe|SpearHeavy|SpearNormal|Staff|SwordDoubleEdge|SwordGigantic|SwordLarge|SwordNormal|SwordPierce|Talisman|Torch|Whip|katana
213,Golden Land,0,0,0,AxeLarge|AxeNormal|AxhammerLarge|Ballista|BowLarge|BowNormal|BowSmall|Claw|ClossBow|Dagger|Flail|HammerLarge|HammerNormal|Knuckle|RapierHeavy|SaberLarge|SaberNormal|ShieldLarge|ShieldNormal|ShieldSmall|Sickle|Sorcery|SpearAxe|SpearHeavy|SpearNormal|Staff|SwordDoubleEdge|SwordGigantic|SwordLarge|SwordNormal|SwordPierce|Talisman|Torch|Whip|katana
214,Flaming Strike,0,0,0,AxeLarge|AxeNormal|AxhammerLarge|Ballista|BeastClaw|BowLarge|BowNormal|BowSmall|Claw|ClossBow|Dagger|Flail|GreatKatana|HammerLarge|HammerNormal|Knuckle|LightGreatsword|RapierHeavy|ReverseHandSword|SaberLarge|SaberNormal|ShieldLarge|ShieldNormal|ShieldSmall|Sickle|Sorcery|SpearAxe|SpearHeavy|SpearNormal|Staff|SwordDoubleEdge|SwordGigantic|SwordLarge|SwordNormal|SwordPierce|Talisman|ThrustingShield|Torch|Whip|katana
216,Thunderbolt,0,0,0,AxeLarge|AxeNormal|AxhammerLarge|Ballista|BeastClaw|BowLarge|BowNormal|BowSmall|Claw|ClossBow|Dagger|Flail|GreatKatana|HammerLarge|HammerNormal|Knuckle|LightGreatsword|RapierHeavy|ReverseHandSword|SaberLarge|SaberNormal|ShieldLarge|ShieldNormal|ShieldSmall|Sickle|Sorcery|SpearAxe|SpearHeavy|SpearNormal|Staff|SwordDoubleEdge|SwordGigantic|SwordLarge|SwordNormal|SwordPierce|Talisman|ThrowingWeapon|ThrustingShield|Torch|Whip|katana
217,Lightning Slash,0,0,0,AxeLarge|AxeNormal|AxhammerLarge|Ballista|BowLarge|BowNormal|BowSmall|Claw|ClossBow|Dagger|Flail|GreatKatana|HammerLarge|HammerNormal|Knuckle|LightGreatsword|RapierHeavy|SaberLarge|SaberNormal|ShieldLarge|ShieldNormal|ShieldSmall|Sickle|Sorcery|SpearAxe|SpearHeavy|SpearNormal|Staff|SwordDoubleEdge|SwordGigantic|SwordLarge|SwordNormal|SwordPierce|Talisman|Torch|Whip|katana
218,Carian Grandeur,0,0,0,AxeLarge|AxeNormal|AxhammerLarge|Ballista|BowLarge|BowNormal|BowSmall|Claw|ClossBow|Dagger|Flail|GreatKatana|HammerLarge|HammerNormal|Knuckle|LightGreatsword|RapierHeavy|SaberLarge|SaberNormal|ShieldLarge|ShieldNormal|ShieldSmall|Sickle|Sorcery|SpearAxe|SpearHeavy|SpearNormal|Staff|SwordDoubleEdge|SwordGigantic|SwordLarge|SwordNormal|SwordPierce|Talisman|ThrowingWeapon|Torch|Whip|katana
219,Carian Greatsword,0,0,0,AxeLarge|AxeNormal|AxhammerLarge|Ballista|BowLarge|BowNormal|BowSmall|Claw|ClossBow|Dagger|Flail|GreatKatana|HammerLarge|HammerNormal|Knuckle|LightGreatsword|RapierHeavy|SaberLarge|SaberNormal|ShieldLarge|ShieldNormal|ShieldSmall|Sickle|Sorcery|SpearAxe|SpearHeavy|SpearNormal|Staff|SwordDoubleEdge|SwordGigantic|SwordLarge|SwordNormal|SwordPierce|Talisman|ThrowingWeapon|Torch|Whip|katana
220,Vacuum Slice,0,0,0,AxeLarge|AxeNormal|AxhammerLarge|Ballista|BowLarge|BowNormal|BowSmall|Claw|ClossBow|Dagger|Flail|GreatKatana|HammerLarge|HammerNormal|Knuckle|LightGreatsword|RapierHeavy|SaberLarge|SaberNormal|ShieldLarge|ShieldNormal|ShieldSmall|Sickle|Sorcery|SpearAxe|SpearHeavy|SpearNormal|Staff|SwordDoubleEdge|SwordGigantic|SwordLarge|SwordNormal|SwordPierce|Talisman|ThrowingWeapon|Torch|Whip|katana
221,Black Flame Tornado,0,0,0,AxeLarge|AxeNormal|AxhammerLarge|Ballista|BowLarge|BowNormal|BowSmall|Claw|ClossBow|Dagger|Flail|HammerLarge|HammerNormal|Knuckle|RapierHeavy|SaberLarge|SaberNormal|ShieldLarge|ShieldNormal|ShieldSmall|Sickle|Sorcery|SpearAxe|SpearHeavy|SpearNormal|Staff|SwordDoubleEdge|SwordGigantic|SwordLarge|SwordNormal|SwordPierce|Talisman|Torch|Whip|katana
222,Sacred Ring of Light,0,0,0,AxeLarge|AxeNormal|AxhammerLarge|Ballista|BowLarge|BowNormal|BowSmall|Claw|ClossBow|Dagger|Flail|HammerLarge|HammerNormal|Knuckle|RapierHeavy|SaberLarge|SaberNormal|ShieldLarge|ShieldNormal|ShieldSmall|Sickle|Sorcery|SpearAxe|SpearHeavy|SpearNormal|Staff|SwordDoubleEdge|SwordGigantic|SwordLarge|SwordNormal|SwordPierce|Talisman|Torch|Whip|katana
223,Firebreather,0,0,0,AxeLarge|AxeNormal|AxhammerLarge|Ballista|BowLarge|BowNormal|BowSmall|Claw|ClossBow|Dagger|Flail|HammerLarge|HammerNormal|Knuckle|RapierHeavy|SaberLarge|SaberNormal|ShieldLarge|ShieldNormal|ShieldSmall|Sickle|Sorcery|SpearAxe|SpearHeavy|SpearNormal|Staff|SwordDoubleEdge|SwordGigantic|SwordLarge|SwordNormal|SwordPierce|Talisman|Torch|Whip|katana
224,Blood Blade,0,0,0,AxeLarge|AxeNormal|AxhammerLarge|Ballista|BowLarge|BowNormal|BowSmall|Claw|ClossBow|Dagger|Flail|HammerLarge|HammerNormal|Knuckle|LightGreatsword|RapierHeavy|ReverseHandSword|SaberLarge|SaberNormal|ShieldLarge|ShieldNormal|ShieldSmall|Sickle|Sorcery|SpearAxe|SpearHeavy|SpearNormal|Staff|SwordDoubleEdge|SwordGigantic|SwordLarge|SwordNormal|SwordPierce|Talisman|ThrowingWeapon|Torch|Whip|katana
225,Phantom Slash,0,0,0,AxeLarge|AxeNormal|AxhammerLarge|Ballista|BowLarge|BowNormal|BowSmall|Claw|ClossBow|Dagger|Flail|HammerLarge|HammerNormal|Knuckle|RapierHeavy|SaberLarge|SaberNormal|ShieldLarge|ShieldNormal|ShieldSmall|Sickle|Sorcery|SpearAxe|SpearHeavy|SpearNormal|Staff|SwordDoubleEdge|SwordGigantic|SwordLarge|SwordNormal|SwordPierce|Talisman|Torch|Whip|katana
226,Spectral Lance,0,0,0,SpearAxe|SpearHeavy|SpearNormal
227,Chilling Mist,0,0,0,AxeLarge|AxeNormal|AxhammerLarge|Dagger|Flail|GreatKatana|HammerLarge|HammerNormal|LightGreatsword|RapierHeavy|SaberLarge|SaberNormal|Sickle|SpearAxe|SpearHeavy|SpearNormal|SwordDoubleEdge|SwordGigantic|SwordLarge|SwordNormal|SwordPierce|ThrustingShield|katana
228,Poisonous Mist,0,0,0,AxeLarge|AxeNormal|AxhammerLarge|Dagger|Flail|GreatKatana|HammerLarge|HammerNormal|LightGreatsword|RapierHeavy|SaberLarge|SaberNormal|Sickle|SpearAxe|SpearHeavy|SpearNormal|SwordDoubleEdge|SwordGigantic|SwordLarge|SwordNormal|SwordPierce|ThrustingShield|katana
300,Shield Bash,0,0,0,AxeLarge|AxeNormal|AxhammerLarge|Ballista|BowLarge|BowNormal|BowSmall|Claw|ClossBow|Dagger|Flail|HammerLarge|HammerNormal|Knuckle|RapierHeavy|SaberLarge|SaberNormal|ShieldLarge|ShieldNormal|ShieldSmall|Sickle|Sorcery|SpearAxe|SpearHeavy|SpearNormal|Staff|SwordDoubleEdge|SwordGigantic|SwordLarge|SwordNormal|SwordPierce|Talisman|ThrustingShield|Torch|Whip|katana
301,Barricade Shield,0,0,0,AxeLarge|AxeNormal|AxhammerLarge|Ballista|BowLarge|BowNormal|BowSmall|Claw|ClossBow|Dagger|Flail|HammerLarge|HammerNormal|Knuckle|RapierHeavy|SaberLarge|SaberNormal|ShieldLarge|ShieldNormal|ShieldSmall|Sickle|Sorcery|SpearAxe|SpearHeavy|SpearNormal|Staff|SwordDoubleEdge|SwordGigantic|SwordLarge|SwordNormal|SwordPierce|Talisman|ThrustingShield|Torch|Whip|katana
302,Parry,0,0,0,AxeLarge|AxeNormal|AxhammerLarge|Ballista|BowLarge|BowNormal|BowSmall|Claw|ClossBow|Dagger|Flail|HammerLarge|HammerNormal|Knuckle|RapierHeavy|SaberLarge|SaberNormal|ShieldLarge|ShieldNormal|ShieldSmall|Sickle|Sorcery|SpearAxe|SpearHeavy|SpearNormal|Staff|SwordDoubleEdge|SwordGigantic|SwordLarge|SwordNormal|SwordPierce|Talisman|ThrowingWeapon|Torch|Whip|katana
303,Buckler Parry,0,0,0,AxeLarge|AxeNormal|AxhammerLarge|Ballista|BowLarge|BowNormal|BowSmall|Claw|ClossBow|Dagger|Flail|HammerLarge|HammerNormal|Knuckle|RapierHeavy|SaberLarge|SaberNormal|ShieldLarge|ShieldNormal|ShieldSmall|Sickle|Sorcery|SpearAxe|SpearHeavy|SpearNormal|Staff|SwordDoubleEdge|SwordGigantic|SwordLarge|SwordNormal|SwordPierce|Talisman|Torch|Whip|katana
305,Carian Retaliation,0,0,0,AxeLarge|AxeNormal|AxhammerLarge|Ballista|BowLarge|BowNormal|BowSmall|Claw|ClossBow|Dagger|Flail|HammerLarge|HammerNormal|Knuckle|RapierHeavy|SaberLarge|SaberNormal|ShieldLarge|ShieldNormal|ShieldSmall|Sickle|Sorcery|SpearAxe|SpearHeavy|SpearNormal|Staff|SwordDoubleEdge|SwordGigantic|SwordLarge|SwordNormal|SwordPierce|Talisman|Torch|Whip|katana
306,Storm Wall,0,0,0,AxeLarge|AxeNormal|AxhammerLarge|Ballista|BowLarge|BowNormal|BowSmall|Claw|ClossBow|Dagger|Flail|HammerLarge|HammerNormal|Knuckle|RapierHeavy|SaberLarge|SaberNormal|ShieldLarge|ShieldNormal|ShieldSmall|Sickle|Sorcery|SpearAxe|SpearHeavy|SpearNormal|Staff|SwordDoubleEdge|SwordGigantic|SwordLarge|SwordNormal|SwordPierce|Talisman|Torch|Whip|katana
307,Golden Parry,0,0,0,AxeLarge|AxeNormal|AxhammerLarge|Ballista|BowLarge|BowNormal|BowSmall|Claw|ClossBow|Dagger|Flail|HammerLarge|HammerNormal|Knuckle|RapierHeavy|SaberLarge|SaberNormal|ShieldLarge|ShieldNormal|ShieldSmall|Sickle|Sorcery|SpearAxe|SpearHeavy|SpearNormal|Staff|SwordDoubleEdge|SwordGigantic|SwordLarge|SwordNormal|SwordPierce|Talisman|Torch|Whip|katana
308,Shield Crash,0,0,0,AxeLarge|AxeNormal|AxhammerLarge|Ballista|BowLarge|BowNormal|BowSmall|Claw|ClossBow|Dagger|Flail|HammerLarge|HammerNormal|Knuckle|RapierHeavy|SaberLarge|SaberNormal|ShieldLarge|ShieldNormal|ShieldSmall|Sickle|Sorcery|SpearAxe|SpearHeavy|SpearNormal|Staff|SwordDoubleEdge|SwordGigantic|SwordLarge|SwordNormal|SwordPierce|Talisman|ThrustingShield|Torch|Whip|katana
309,Thops's Barrier,0,0,0,AxeLarge|AxeNormal|AxhammerLarge|Ballista|BowLarge|BowNormal|BowSmall|Claw|ClossBow|Dagger|Flail|HammerLarge|HammerNormal|Knuckle|RapierHeavy|SaberLarge|SaberNormal|ShieldLarge|ShieldNormal|ShieldSmall|Sickle|Sorcery|SpearAxe|SpearHeavy|SpearNormal|Staff|SwordDoubleEdge|SwordGigantic|SwordLarge|SwordNormal|SwordPierce|Talisman|Torch|Whip|katana
400,Through and Through,0,0,0,AxeLarge|AxeNormal|AxhammerLarge|Ballista|BowLarge|BowNormal|BowSmall|Claw|ClossBow|Dagger|Flail|HammerLarge|HammerNormal|Knuckle|RapierHeavy|SaberLarge|SaberNormal|ShieldLarge|ShieldNormal|ShieldSmall|Sickle|Sorcery|SpearAxe|SpearHeavy|SpearNormal|Staff|SwordDoubleEdge|SwordGigantic|SwordLarge|SwordNormal|SwordPierce|Talisman|Torch|Whip|katana
401,Barrage,0,0,0,AxeLarge|AxeNormal|AxhammerLarge|Ballista|BowLarge|BowNormal|BowSmall|Claw|ClossBow|Dagger|Flail|HammerLarge|HammerNormal|Knuckle|RapierHeavy|SaberLarge|SaberNormal|ShieldLarge|ShieldNormal|ShieldSmall|Sickle|Sorcery|SpearAxe|SpearHeavy|SpearNormal|Staff|SwordDoubleEdge|SwordGigantic|SwordLarge|SwordNormal|SwordPierce|Talisman|Torch|Whip|katana
402,Mighty Shot,0,0,0,AxeLarge|AxeNormal|AxhammerLarge|Ballista|BowLarge|BowNormal|BowSmall|Claw|ClossBow|Dagger|Flail|HammerLarge|HammerNormal|Knuckle|RapierHeavy|SaberLarge|SaberNormal|ShieldLarge|ShieldNormal|ShieldSmall|Sickle|Sorcery|SpearAxe|SpearHeavy|SpearNormal|Staff|SwordDoubleEdge|SwordGigantic|SwordLarge|SwordNormal|SwordPierce|Talisman|Torch|Whip|katana
404,Enchanted Shot,0,0,0,AxeLarge|AxeNormal|AxhammerLarge|Ballista|BowLarge|BowNormal|BowSmall|Claw|ClossBow|Dagger|Flail|HammerLarge|HammerNormal|Knuckle|RapierHeavy|SaberLarge|SaberNormal|ShieldLarge|ShieldNormal|ShieldSmall|Sickle|Sorcery|SpearAxe|SpearHeavy|SpearNormal|Staff|SwordDoubleEdge|SwordGigantic|SwordLarge|SwordNormal|SwordPierce|Talisman|Torch|Whip|katana
405,Sky Shot,0,0,0,AxeLarge|AxeNormal|AxhammerLarge|Ballista|BowLarge|BowNormal|BowSmall|Claw|ClossBow|Dagger|Flail|HammerLarge|HammerNormal|Knuckle|RapierHeavy|SaberLarge|SaberNormal|ShieldLarge|ShieldNormal|ShieldSmall|Sickle|Sorcery|SpearAxe|SpearHeavy|SpearNormal|Staff|SwordDoubleEdge|SwordGigantic|SwordLarge|SwordNormal|SwordPierce|Talisman|Torch|Whip|katana
406,Rain of Arrows,0,0,0,AxeLarge|AxeNormal|AxhammerLarge|Ballista|BowLarge|BowNormal|BowSmall|Claw|ClossBow|Dagger|Flail|HammerLarge|HammerNormal|Knuckle|RapierHeavy|SaberLarge|SaberNormal|ShieldLarge|ShieldNormal|ShieldSmall|Sickle|Sorcery|SpearAxe|SpearHeavy|SpearNormal|Staff|SwordDoubleEdge|SwordGigantic|SwordLarge|SwordNormal|SwordPierce|Talisman|Torch|Whip|katana
501,Hoarfrost Stomp,0,0,0,AxeLarge|AxeNormal|AxhammerLarge|Ballista|BeastClaw|BowLarge|BowNormal|BowSmall|Claw|ClossBow|Dagger|Flail|GreatKatana|HammerLarge|HammerNormal|HandToHand|Knuckle|LightGreatsword|RapierHeavy|ReverseHandSword|SaberLarge|SaberNormal|ShieldLarge|ShieldNormal|ShieldSmall|Sickle|Sorcery|SpearAxe|SpearHeavy|SpearNormal|Staff|SwordDoubleEdge|SwordGigantic|SwordLarge|SwordNormal|SwordPierce|Talisman|ThrowingWeapon|ThrustingShield|Torch|Whip|katana
502,Storm Stomp,0,0,0,AxeLarge|AxeNormal|AxhammerLarge|Ballista|BeastClaw|BowLarge|BowNormal|BowSmall|Claw|ClossBow|Dagger|Flail|GreatKatana|HammerLarge|HammerNormal|HandToHand|Knuckle|LightGreatsword|PerfumeBottle|RapierHeavy|ReverseHandSword|SaberLarge|SaberNormal|ShieldLarge|ShieldNormal|ShieldSmall|Sickle|Sorcery|SpearAxe|SpearHeavy|SpearNormal|Staff|SwordDoubleEdge|SwordGigantic|SwordLarge|SwordNormal|SwordPierce|Talisman|ThrowingWeapon|ThrustingShield|Torch|Whip|katana
503,Kick,0,0,0,AxeLarge|AxeNormal|AxhammerLarge|Ballista|BeastClaw|BowLarge|BowNormal|BowSmall|Claw|ClossBow|Dagger|Flail|GreatKatana|HammerLarge|HammerNormal|HandToHand|Knuckle|LightGreatsword|PerfumeBottle|RapierHeavy|ReverseHandSword|SaberLarge|SaberNormal|ShieldLarge|ShieldNormal|ShieldSmall|Sickle|Sorcery|SpearAxe|SpearHeavy|SpearNormal|Staff|SwordDoubleEdge|SwordGigantic|SwordLarge|SwordNormal|SwordPierce|Talisman|ThrowingWeapon|ThrustingShield|Torch|Whip|katana
504,Lightning Ram,0,0,0,AxeLarge|AxeNormal|AxhammerLarge|Ballista|BeastClaw|BowLarge|BowNormal|BowSmall|Claw|ClossBow|Dagger|Flail|GreatKatana|HammerLarge|HammerNormal|HandToHand|Knuckle|LightGreatsword|RapierHeavy|ReverseHandSword|SaberLarge|SaberNormal|ShieldLarge|ShieldNormal|ShieldSmall|Sickle|Sorcery|SpearAxe|SpearHeavy|SpearNormal|Staff|SwordDoubleEdge|SwordGigantic|SwordLarge|SwordNormal|SwordPierce|Talisman|ThrowingWeapon|ThrustingShield|Torch|Whip|katana
505,Flame of the Redmanes,0,0,0,AxeLarge|AxeNormal|AxhammerLarge|Ballista|BeastClaw|BowLarge|BowNormal|BowSmall|Claw|ClossBow|Dagger|Flail|GreatKatana|HammerLarge|HammerNormal|HandToHand|Knuckle|LightGreatsword|RapierHeavy|ReverseHandSword|SaberLarge|SaberNormal|ShieldLarge|ShieldNormal|ShieldSmall|Sickle|Sorcery|SpearAxe|SpearHeavy|SpearNormal|Staff|SwordDoubleEdge|SwordGigantic|SwordLarge|SwordNormal|SwordPierce|Talisman|ThrowingWeapon|ThrustingShield|Torch|Whip|katana
506,Ground Slam,0,0,0,AxeLarge|AxeNormal|AxhammerLarge|Ballista|BeastClaw|BowLarge|BowNormal|BowSmall|Claw|ClossBow|Dagger|Flail|GreatKatana|HammerLarge|HammerNormal|HandToHand|Knuckle|LightGreatsword|PerfumeBottle|RapierHeavy|ReverseHandSword|SaberLarge|SaberNormal|ShieldLarge|ShieldNormal|ShieldSmall|Sickle|Sorcery|SpearAxe|SpearHeavy|SpearNormal|Staff|SwordDoubleEdge|SwordGigantic|SwordLarge|SwordNormal|SwordPierce|Talisman|ThrowingWeapon|ThrustingShield|Torch|Whip|katana
507,Golden Slam,0,0,0,AxeLarge|AxeNormal|AxhammerLarge|Ballista|BeastClaw|BowLarge|BowNormal|BowSmall|Claw|ClossBow|Dagger|Flail|GreatKatana|HammerLarge|HammerNormal|HandToHand|Knuckle|LightGreatsword|RapierHeavy|ReverseHandSword|SaberLarge|SaberNormal|ShieldLarge|ShieldNormal|ShieldSmall|Sickle|Sorcery|SpearAxe|SpearHeavy|SpearNormal|Staff|SwordDoubleEdge|SwordGigantic|SwordLarge|SwordNormal|SwordPierce|Talisman|ThrowingWeapon|ThrustingShield|Torch|Whip|katana
508,Waves of Darkness,0,0,0,AxeLarge|AxeNormal|AxhammerLarge|Ballista|BowLarge|BowNormal|BowSmall|Claw|ClossBow|Dagger|Flail|HammerLarge|HammerNormal|Knuckle|RapierHeavy|SaberLarge|SaberNormal|ShieldLarge|ShieldNormal|ShieldSmall|Sickle|Sorcery|SpearAxe|SpearHeavy|SpearNormal|Staff|SwordDoubleEdge|SwordGigantic|SwordLarge|SwordNormal|SwordPierce|Talisman|Torch|Whip|katana
509,Hoarah Loux's Earthshaker,0,0,0,AxeLarge|AxeNormal|AxhammerLarge|BeastClaw|Claw|Dagger|Flail|GreatKatana|HammerLarge|HammerNormal|HandToHand|Knuckle|LightGreatsword|PerfumeBottle|RapierHeavy|ReverseHandSword|SaberLarge|SaberNormal|Sickle|SpearAxe|SpearHeavy|SpearNormal|SwordDoubleEdge|SwordGigantic|SwordLarge|SwordNormal|SwordPierce|ThrowingWeapon|ThrustingShield|Whip|katana
600,Determination,0,0,0,AxeLarge|AxeNormal|AxhammerLarge|Ballista|BeastClaw|BowLarge|BowNormal|BowSmall|Claw|ClossBow|Dagger|Flail|GreatKatana|HammerLarge|HammerNormal|Knuckle|LightGreatsword|RapierHeavy|ReverseHandSword|SaberLarge|SaberNormal|ShieldLarge|ShieldNormal|ShieldSmall|Sickle|Sorcery|SpearAxe|SpearHeavy|SpearNormal|Staff|SwordDoubleEdge|SwordGigantic|SwordLarge|SwordNormal|SwordPierce|Talisman|ThrustingShield|Torch|Whip|katana
601,Royal Knight's Resolve,0,0,0,AxeLarge|AxeNormal|AxhammerLarge|BeastClaw|Claw|Dagger|Flail|GreatKatana|HammerLarge|HammerNormal|Knuckle|LightGreatsword|RapierHeavy|ReverseHandSword|SaberLarge|SaberNormal|Sickle|SpearAxe|SpearHeavy|SpearNormal|SwordDoubleEdge|SwordGigantic|SwordLarge|SwordNormal|SwordPierce|ThrustingShield|Whip|katana
602,Assassin's Gambit,0,0,0,AxeLarge|AxeNormal|AxhammerLarge|Ballista|BowLarge|BowNormal|BowSmall|Claw|ClossBow|Dagger|Flail|HammerLarge|HammerNormal|Knuckle|LightGreatsword|RapierHeavy|SaberLarge|SaberNormal|ShieldLarge|ShieldNormal|ShieldSmall|Sickle|Sorcery|SpearAxe|SpearHeavy|SpearNormal|Staff|SwordDoubleEdge|SwordGigantic|SwordLarge|SwordNormal|SwordPierce|Talisman|ThrowingWeapon|Torch|Whip|katana
603,Golden Vow,0,0,0,AxeLarge|AxeNormal|AxhammerLarge|Ballista|BeastClaw|BowLarge|BowNormal|BowSmall|Claw|ClossBow|Dagger|Flail|GreatKatana|HammerLarge|HammerNormal|HandToHand|Knuckle|LightGreatsword|RapierHeavy|ReverseHandSword|SaberLarge|SaberNormal|ShieldLarge|ShieldNormal|ShieldSmall|Sickle|Sorcery|SpearAxe|SpearHeavy|SpearNormal|Staff|SwordDoubleEdge|SwordGigantic|SwordLarge|SwordNormal|SwordPierce|Talisman|ThrowingWeapon|ThrustingShield|Torch|Whip|katana
604,Sacred Order,0,0,0,AxeLarge|AxeNormal|AxhammerLarge|Ballista|BeastClaw|BowLarge|BowNormal|BowSmall|Claw|ClossBow|Dagger|Flail|GreatKatana|HammerLarge|HammerNormal|Knuckle|LightGreatsword|RapierHeavy|ReverseHandSword|SaberLarge|SaberNormal|ShieldLarge|ShieldNormal|ShieldSmall|Sickle|Sorcery|SpearAxe|SpearHeavy|SpearNormal|Staff|SwordDoubleEdge|SwordGigantic|SwordLarge|SwordNormal|SwordPierce|Talisman|ThrustingShield|Torch|Whip|katana
605,Shared Order,0,0,0,AxeLarge|AxeNormal|AxhammerLarge|Ballista|BeastClaw|BowLarge|BowNormal|BowSmall|Claw|ClossBow|Dagger|Flail|GreatKatana|HammerLarge|HammerNormal|Knuckle|LightGreatsword|RapierHeavy|ReverseHandSword|SaberLarge|SaberNormal|ShieldLarge|ShieldNormal|ShieldSmall|Sickle|Sorcery|SpearAxe|SpearHeavy|SpearNormal|Staff|SwordDoubleEdge|SwordGigantic|SwordLarge|SwordNormal|SwordPierce|Talisman|ThrustingShield|Torch|Whip|katana
606,Seppuku,0,0,0,AxeLarge|AxeNormal|AxhammerLarge|Ballista|BowLarge|BowNormal|BowSmall|Claw|ClossBow|Dagger|Flail|GreatKatana|HammerLarge|HammerNormal|Knuckle|LightGreatsword|RapierHeavy|SaberLarge|SaberNormal|ShieldLarge|ShieldNormal|ShieldSmall|Sickle|Sorcery|SpearAxe|SpearHeavy|SpearNormal|Staff|SwordDoubleEdge|SwordGigantic|SwordLarge|SwordNormal|SwordPierce|Talisman|Torch|Whip|katana
607,Cragblade,0,0,0,AxeLarge|AxeNormal|AxhammerLarge|Ballista|BeastClaw|BowLarge|BowNormal|BowSmall|Claw|ClossBow|Dagger|Flail|GreatKatana|HammerLarge|HammerNormal|Knuckle|LightGreatsword|RapierHeavy|ReverseHandSword|SaberLarge|SaberNormal|ShieldLarge|ShieldNormal|ShieldSmall|Sickle|Sorcery|SpearAxe|SpearHeavy|SpearNormal|Staff|SwordDoubleEdge|SwordGigantic|SwordLarge|SwordNormal|SwordPierce|Talisman|ThrustingShield|Torch|Whip|katana
650,Barbaric Roar,0,0,0,AxeLarge|AxeNormal|AxhammerLarge|Ballista|BeastClaw|BowLarge|BowNormal|BowSmall|Claw|ClossBow|Dagger|Flail|GreatKatana|HammerLarge|HammerNormal|HandToHand|Knuckle|LightGreatsword|RapierHeavy|SaberLarge|SaberNormal|ShieldLarge|ShieldNormal|ShieldSmall|Sickle|Sorcery|SpearAxe|SpearHeavy|SpearNormal|Staff|SwordDoubleEdge|SwordGigantic|SwordLarge|SwordNormal|SwordPierce|Talisman|Torch|Whip|katana
651,War Cry,0,0,0,AxeLarge|AxeNormal|AxhammerLarge|BeastClaw|Claw|Flail|GreatKatana|HammerLarge|HammerNormal|HandToHand|Knuckle|LightGreatsword|SaberLarge|SaberNormal|Sickle|SpearAxe|SpearHeavy|SpearNormal|SwordDoubleEdge|SwordGigantic|SwordLarge|SwordNormal|katana
652,Beast's Roar,0,0,0,AxeLarge|AxeNormal|AxhammerLarge|Ballista|BeastClaw|BowLarge|BowNormal|BowSmall|Claw|ClossBow|Dagger|Flail|GreatKatana|HammerLarge|HammerNormal|HandToHand|Knuckle|LightGreatsword|PerfumeBottle|RapierHeavy|ReverseHandSword|SaberLarge|SaberNormal|ShieldLarge|ShieldNormal|ShieldSmall|Sickle|Sorcery|SpearAxe|SpearHeavy|SpearNormal|Staff|SwordDoubleEdge|SwordGigantic|SwordLarge|SwordNormal|SwordPierce|Talisman|ThrowingWeapon|ThrustingShield|Torch|Whip|katana
653,Troll's Roar,0,0,0,AxeLarge|AxeNormal|AxhammerLarge|Ballista|BowLarge|BowNormal|BowSmall|Claw|ClossBow|Dagger|Flail|GreatKatana|HammerLarge|HammerNormal|Knuckle|RapierHeavy|SaberLarge|SaberNormal|ShieldLarge|ShieldNormal|ShieldSmall|Sickle|Sorcery|SpearAxe|SpearHeavy|SpearNormal|Staff|SwordDoubleEdge|SwordGigantic|SwordLarge|SwordNormal|SwordPierce|Talisman|Torch|Whip|katana
654,Braggart's Roar,0,0,0,AxeLarge|AxeNormal|AxhammerLarge|Ballista|BeastClaw|BowLarge|BowNormal|BowSmall|Claw|ClossBow|Dagger|Flail|GreatKatana|HammerLarge|HammerNormal|HandToHand|Knuckle|LightGreatsword|RapierHeavy|SaberLarge|SaberNormal|ShieldLarge|ShieldNormal|ShieldSmall|Sickle|Sorcery|SpearAxe|SpearHeavy|SpearNormal|Staff|SwordDoubleEdge|SwordGigantic|SwordLarge|SwordNormal|SwordPierce|Talisman|Torch|Whip|katana
700,Endure,0,0,0,AxeLarge|AxeNormal|AxhammerLarge|Ballista|BeastClaw|BowLarge|BowNormal|BowSmall|Claw|ClossBow|Dagger|Flail|GreatKatana|HammerLarge|HammerNormal|HandToHand|Knuckle|LightGreatsword|PerfumeBottle|RapierHeavy|ReverseHandSword|SaberLarge|SaberNormal|ShieldLarge|ShieldNormal|ShieldSmall|Sickle|Sorcery|SpearAxe|SpearHeavy|SpearNormal|Staff|SwordDoubleEdge|SwordGigantic|SwordLarge|SwordNormal|SwordPierce|Talisman|ThrowingWeapon|ThrustingShield|Torch|Whip|katana
701,Vow of the Indomitable,0,0,0,AxeLarge|AxeNormal|AxhammerLarge|Ballista|BowLarge|BowNormal|BowSmall|Claw|ClossBow|Dagger|Flail|HammerLarge|HammerNormal|Knuckle|RapierHeavy|SaberLarge|SaberNormal|ShieldLarge|ShieldNormal|ShieldSmall|Sickle|Sorcery|SpearAxe|SpearHeavy|SpearNormal|Staff|SwordDoubleEdge|SwordGigantic|SwordLarge|SwordNormal|SwordPierce|Talisman|ThrustingShield|Torch|Whip|katana
702,Holy Ground,0,0,0,AxeLarge|AxeNormal|AxhammerLarge|Ballista|BowLarge|BowNormal|BowSmall|Claw|ClossBow|Dagger|Flail|HammerLarge|HammerNormal|Knuckle|RapierHeavy|SaberLarge|SaberNormal|ShieldLarge|ShieldNormal|ShieldSmall|Sickle|Sorcery|SpearAxe|SpearHeavy|SpearNormal|Staff|SwordDoubleEdge|SwordGigantic|SwordLarge|SwordNormal|SwordPierce|Talisman|ThrustingShield|Torch|Whip|katana
800,Quickstep,0,0,0,AxeLarge|AxeNormal|AxhammerLarge|Ballista|BeastClaw|BowLarge|BowNormal|BowSmall|Claw|ClossBow|Dagger|Flail|GreatKatana|HammerLarge|HammerNormal|HandToHand|Knuckle|LightGreatsword|PerfumeBottle|RapierHeavy|ReverseHandSword|SaberLarge|SaberNormal|ShieldLarge|ShieldNormal|ShieldSmall|Sickle|Sorcery|SpearAxe|SpearHeavy|SpearNormal|Staff|SwordDoubleEdge|SwordGigantic|SwordLarge|SwordNormal|SwordPierce|Talisman|ThrowingWeapon|ThrustingShield|Torch|Whip|katana
801,Bloodhound's Step,0,0,0,AxeLarge|AxeNormal|AxhammerLarge|Ballista|BeastClaw|BowLarge|BowNormal|BowSmall|Claw|ClossBow|Dagger|Flail|GreatKatana|HammerLarge|HammerNormal|HandToHand|Knuckle|LightGreatsword|PerfumeBottle|RapierHeavy|ReverseHandSword|SaberLarge|SaberNormal|ShieldLarge|ShieldNormal|ShieldSmall|Sickle|Sorcery|SpearAxe|SpearHeavy|SpearNormal|Staff|SwordDoubleEdge|SwordGigantic|SwordLarge|SwordNormal|SwordPierce|Talisman|ThrowingWeapon|ThrustingShield|Torch|Whip|katana
802,Raptor of the Mists,0,0,0,AxeLarge|AxeNormal|AxhammerLarge|Ballista|BeastClaw|BowLarge|BowNormal|BowSmall|Claw|ClossBow|Dagger|Flail|GreatKatana|HammerLarge|HammerNormal|HandToHand|Knuckle|LightGreatsword|PerfumeBottle|RapierHeavy|ReverseHandSword|SaberLarge|SaberNormal|ShieldLarge|ShieldNormal|ShieldSmall|Sickle|Sorcery|SpearAxe|SpearHeavy|SpearNormal|Staff|SwordDoubleEdge|SwordGigantic|SwordLarge|SwordNormal|SwordPierce|Talisman|ThrowingWeapon|ThrustingShield|Torch|Whip|katana
850,White Shadow's Lure,0,0,0,AxeLarge|AxeNormal|AxhammerLarge|Ballista|BeastClaw|BowLarge|BowNormal|BowSmall|Claw|ClossBow|Dagger|Flail|GreatKatana|HammerLarge|HammerNormal|HandToHand|Knuckle|LightGreatsword|RapierHeavy|ReverseHandSword|SaberLarge|SaberNormal|ShieldLarge|ShieldNormal|ShieldSmall|Sickle|Sorcery|SpearAxe|SpearHeavy|SpearNormal|Staff|SwordDoubleEdge|SwordGigantic|SwordLarge|SwordNormal|SwordPierce|Talisman|ThrowingWeapon|ThrustingShield|Torch|Whip|katana
2000,Dryleaf Whirlwind,0,0,0,HandToHand
2001,Aspects of the Crucible: Wings,0,0,0,Dagger|GreatKatana|LightGreatsword|RapierHeavy|SaberLarge|SaberNormal|SpearAxe|SpearHeavy|SpearNormal|SwordDoubleEdge|SwordGigantic|SwordLarge|SwordNormal|SwordPierce|ThrowingWeapon|katana
4000,Spinning Gravity Thrust,0,0,0,GreatKatana|RapierHeavy|SaberLarge|SwordGigantic|SwordLarge
4010,Palm Blast,0,0,0,HandToHand
4020,Piercing Throw,0,0,0,ThrowingWeapon
4030,Scattershot Throw,0,0,0,ThrowingWeapon
4040,Wall of Sparks,0,0,0,PerfumeBottle
4050,Rolling Sparks,0,0,0,PerfumeBottle
4060,Raging Beast,0,0,0,BeastClaw
4070,Savage Claws,0,0,0,BeastClaw
4090,Blind Spot,0,0,0,ReverseHandSword
4100,Swift Slash,0,0,0,ReverseHandSword
4110,Overhead Stance,0,0,0,GreatKatana
4120,Wing Stance,0,0,0,LightGreatsword
4130,Blinkbolt,0,0,0,AxeLarge|AxeNormal|AxhammerLarge|BeastClaw|Claw|Dagger|Flail|GreatKatana|HammerLarge|HammerNormal|HandToHand|Knuckle|LightGreatsword|RapierHeavy|ReverseHandSword|SaberLarge|SaberNormal|Sickle|SpearAxe|SpearHeavy|SpearNormal|SwordDoubleEdge|SwordGigantic|SwordLarge|SwordNormal|SwordPierce|ThrowingWeapon|ThrustingShield|Whip|katana
4140,Flame Skewer,0,0,0,GreatKatana|LightGreatsword|RapierHeavy|SpearAxe|SpearHeavy|SpearNormal|SwordDoubleEdge|SwordGigantic|SwordLarge|SwordNormal|SwordPierce|ThrustingShield|katana
4150,Savage Lion's Claw,0,0,0,AxeLarge|AxeNormal|AxhammerLarge|Flail|GreatKatana|HammerLarge|HammerNormal|LightGreatsword|SaberLarge|SaberNormal|SwordDoubleEdge|SwordGigantic|SwordLarge|SwordNormal|katana
4160,Divine Beast Frost Stomp,0,0,0,AxeLarge|AxeNormal|AxhammerLarge|BeastClaw|Claw|Dagger|Flail|GreatKatana|HammerLarge|HammerNormal|HandToHand|Knuckle|LightGreatsword|RapierHeavy|ReverseHandSword|SaberLarge|SaberNormal|Sickle|SpearAxe|SpearHeavy|SpearNormal|SwordDoubleEdge|SwordGigantic|SwordLarge|SwordNormal|SwordPierce|ThrowingWeapon|ThrustingShield|Whip|katana
4170,Flame Spear,0,0,0,Dagger|GreatKatana|LightGreatsword|RapierHeavy|SpearAxe|SpearHeavy|SpearNormal|SwordDoubleEdge|SwordGigantic|SwordLarge|SwordNormal|SwordPierce|ThrustingShield|katana
4180,Carian Sovereignty,0,0,0,Dagger|GreatKatana|LightGreatsword|RapierHeavy|SaberLarge|SaberNormal|SwordDoubleEdge|SwordLarge|SwordNormal|SwordPierce|ThrowingWeapon|katana
4190,Shriek of Sorrow,0,0,0,AxeLarge|AxeNormal|AxhammerLarge|BeastClaw|Claw|Dagger|Flail|GreatKatana|HammerLarge|HammerNormal|HandToHand|Knuckle|LightGreatsword|RapierHeavy|ReverseHandSword|SaberLarge|SaberNormal|Sickle|SpearAxe|SpearHeavy|SpearNormal|SwordDoubleEdge|SwordGigantic|SwordLarge|SwordNormal|SwordPierce|ThrowingWeapon|ThrustingShield|Whip|katana
4210,Igon's Drake Hunt,0,0,0,BowLarge
4220,Ghostflame Call,0,0,0,GreatKatana|LightGreatsword|RapierHeavy|SaberLarge|SaberNormal|SpearAxe|SpearHeavy|SpearNormal|SwordGigantic|SwordLarge|SwordNormal|SwordPierce|katana
5050,The Poison Flower Blooms Twice,0,0,0,AxeLarge|AxeNormal|AxhammerLarge|BeastClaw|Claw|Dagger|Flail|GreatKatana|HammerLarge|HammerNormal|HandToHand|Knuckle|LightGreatsword|RapierHeavy|ReverseHandSword|SaberLarge|SaberNormal|Sickle|SpearAxe|SpearHeavy|SpearNormal|SwordDoubleEdge|SwordGigantic|SwordLarge|SwordNormal|SwordPierce|ThrowingWeapon|ThrustingShield|Whip|katana
8000,Shield Strike,0,0,0,ShieldLarge|ShieldNormal|ShieldSmall|ThrustingShield
